SUB_ID,cohort,methods,output_type,precision,sensitivity,F1,HD95,total_pred_vol,total_raw_truth_vol
MRS_1,MRi-Share,enh270,Voxel,0.3461538461538461,0.1764705882352941,0.2337662337662337,4.69041575982343,52,128
MRS_7,MRi-Share,enh270,Voxel,0.8525641025641025,0.7916666666666666,0.8209876543209876,1,156,198
MRS_24,MRi-Share,enh270,Voxel,0.9066666666666666,0.6071428571428571,0.7272727272727273,1,150,292
MRS_25,MRi-Share,enh270,Voxel,0.5542168674698795,0.7796610169491526,0.647887323943662,1.4142135623730951,249,225
MRS_28,MRi-Share,enh270,Voxel,0.9134615384615384,0.1809523809523809,0.302066772655008,15.33780300242135,312,1798
MRS_30,MRi-Share,enh270,Voxel,0.2823529411764706,0.9230769230769232,0.4324324324324324,1.7320508075688772,85,41
MRS_35,MRi-Share,enh270,Voxel,0.6036036036036037,0.3872832369942196,0.4718309859154929,1.2485281374238548,111,240
MRS_39,MRi-Share,enh270,Voxel,0.6852791878172588,0.6221198156682027,0.6521739130434783,1,197,245
MRS_41,MRi-Share,enh270,Voxel,0.76,0.4720496894409938,0.5823754789272031,1,100,216
MRS_43,MRi-Share,enh270,Voxel,0.7297297297297297,0.5209988649262202,0.6079470198675496,4.123105625617661,629,1083
MRS_1,MRi-Share,enh270,Cluster,0.6666666666666666,0.2857142857142857,0.4,NA,NA,NA
MRS_7,MRi-Share,enh270,Cluster,1,0.3333333333333333,0.5,NA,NA,NA
MRS_24,MRi-Share,enh270,Cluster,1,0.5714285714285714,0.7272727272727273,NA,NA,NA
MRS_25,MRi-Share,enh270,Cluster,1,0.3636363636363636,0.5333333333333333,NA,NA,NA
MRS_28,MRi-Share,enh270,Cluster,1,0.6153846153846154,0.7619047619047619,NA,NA,NA
MRS_30,MRi-Share,enh270,Cluster,1,0.6666666666666666,0.8,NA,NA,NA
MRS_35,MRi-Share,enh270,Cluster,0.8571428571428571,0.48,0.6153846153846154,NA,NA,NA
MRS_39,MRi-Share,enh270,Cluster,0.8,0.8421052631578947,0.8205128205128205,NA,NA,NA
MRS_41,MRi-Share,enh270,Cluster,0.9,0.391304347826087,0.5454545454545454,NA,NA,NA
MRS_43,MRi-Share,enh270,Cluster,0.8787878787878788,0.6041666666666666,0.7160493827160493,NA,NA,NA
UKB_1,UKB,enh270,Voxel,0.6885245901639344,0.5753424657534246,0.6268656716417911,2.620011564666529,122,146
UKB_2,UKB,enh270,Voxel,0.825,0.5245664739884393,0.6413427561837456,1.4142135623730951,1320,2080
UKB_3,UKB,enh270,Voxel,0.9013221259084144,0.7125847985601551,0.7959175783817218,1.4142135623730951,11421,14446
UKB_4,UKB,enh270,Voxel,0.4294478527607362,0.7,0.532319391634981,1,163,100.00100135803224
UKB_5,UKB,enh270,Voxel,0.9393548387096774,0.4517530251318647,0.6100984705635868,3.605551275463989,3100,6462
UKB_6,UKB,enh270,Voxel,0.9604226361031518,0.7160532288931417,0.8204278320287601,1.4142135623730951,16752,22469
UKB_7,UKB,enh270,Voxel,0.8962848297213623,0.4016649323621228,0.5547305389221557,12.083045973594572,1292,2889.028929233551
UKB_8,UKB,enh270,Voxel,0.9647652932399864,0.5782486070028204,0.7230967741935483,1.4142135623730951,8713,14588.14607810974
UKB_9,UKB,enh270,Voxel,0.8846153846153846,0.3931623931623931,0.5443786982248521,3,208,468
UKB_10,UKB,enh270,Voxel,0.8015324238460101,0.657721208403619,0.7225404312668463,1.4142135623730951,5351,6532
UKB_11,UKB,enh270,Voxel,0.8311195445920304,0.6302158273381295,0.7168576104746317,2.23606797749979,527,695
UKB_1,UKB,enh270,Cluster,0.4,0.5714285714285714,0.4705882352941176,NA,NA,NA
UKB_2,UKB,enh270,Cluster,0.8082191780821918,0.7763157894736842,0.7919463087248322,NA,NA,NA
UKB_3,UKB,enh270,Cluster,0.9324324324324323,0.6634615384615384,0.7752808988764045,NA,NA,NA
UKB_4,UKB,enh270,Cluster,0.3076923076923077,0.6666666666666666,0.4210526315789473,NA,NA,NA
UKB_5,UKB,enh270,Cluster,0.8571428571428571,0.7142857142857143,0.7792207792207793,NA,NA,NA
UKB_6,UKB,enh270,Cluster,0.8823529411764706,0.6645569620253164,0.7581227436823105,NA,NA,NA
UKB_7,UKB,enh270,Cluster,0.7777777777777778,0.7368421052631579,0.7567567567567568,NA,NA,NA
UKB_8,UKB,enh270,Cluster,0.9734513274336284,0.6707317073170732,0.7942238267148014,NA,NA,NA
UKB_9,UKB,enh270,Cluster,1,0.8333333333333334,0.9090909090909092,NA,NA,NA
UKB_10,UKB,enh270,Cluster,0.8872180451127819,0.8939393939393939,0.8905660377358491,NA,NA,NA
UKB_11,UKB,enh270,Cluster,0.7916666666666666,0.6785714285714286,0.7307692307692307,NA,NA,NA
MWC_132,MWC,enh270,Voxel,0.884699202844526,0.740999591709297,0.8064984119930467,4.47213595499958,34874,43528.62387800217
MWC_31,MWC,enh270,Voxel,0.9144927998978256,0.8612798460335599,0.8870890310191566,1,62638,67968.27358531952
MWC_100,MWC,enh270,Voxel,0.6984904920603803,0.6927863114913475,0.6956267083170636,1.4142135623730951,5101,6272.115741729736
MWC_21,MWC,enh270,Voxel,0.7134470226446743,0.8731129453021426,0.7852458701128868,1.4142135623730951,28616,24854.748713493347
MWC_109,MWC,enh270,Voxel,0.6315453384418902,0.6602136181575434,0.6455613577023499,2,1566,1926.6364498138428
MWC_33,MWC,enh270,Voxel,0.6001769128704113,0.786438713416401,0.6807976922112129,2.23606797749979,4522,3945.460609436035
MWC_57,MWC,enh270,Voxel,0.7557432078044687,0.92561187126614,0.8320965553085208,1.4142135623730951,19066,15567
MWC_51,MWC,enh270,Voxel,0.8457726850418086,0.8214151439957892,0.8334159832157162,1.4142135623730951,25832,26598
MWC_62,MWC,enh270,Voxel,0.928783227516919,0.8682090915019892,0.8974752241623407,1.4142135623730951,57332,61332
MWC_54,MWC,enh270,Voxel,0.8626373626373627,0.3994910941475827,0.5460869565217391,6.324555320336759,364,786
MWC_132,MWC,enh270,Cluster,0.8611111111111112,0.5961538461538461,0.7045454545454546,NA,NA,NA
MWC_31,MWC,enh270,Cluster,0.8620689655172413,0.6818181818181818,0.7614213197969543,NA,NA,NA
MWC_100,MWC,enh270,Cluster,0.8735632183908046,0.76,0.8128342245989305,NA,NA,NA
MWC_21,MWC,enh270,Cluster,0.7744360902255639,0.8583333333333333,0.8142292490118577,NA,NA,NA
MWC_109,MWC,enh270,Cluster,0.7962962962962963,0.7818181818181819,0.7889908256880734,NA,NA,NA
MWC_33,MWC,enh270,Cluster,0.6811594202898551,0.746031746031746,0.7121212121212122,NA,NA,NA
MWC_57,MWC,enh270,Cluster,0.5223880597014925,0.875,0.6542056074766355,NA,NA,NA
MWC_51,MWC,enh270,Cluster,0.9152542372881356,0.7012987012987013,0.7941176470588235,NA,NA,NA
MWC_62,MWC,enh270,Cluster,0.8412698412698413,0.6463414634146342,0.7310344827586207,NA,NA,NA
MWC_54,MWC,enh270,Cluster,1,0.7222222222222222,0.8387096774193549,NA,NA,NA
MRS_1,MRi-Share,enh270_mono,Voxel,0.0943396226415094,0.0490196078431372,0.064516129032258,1.4142135623730951,53,128
MRS_7,MRi-Share,enh270_mono,Voxel,0.8986486486486487,0.7916666666666666,0.8417721518987342,1,148,198
MRS_24,MRi-Share,enh270_mono,Voxel,0.8939393939393939,0.5267857142857143,0.6629213483146067,1.4142135623730951,132,292
MRS_25,MRi-Share,enh270_mono,Voxel,0.574468085106383,0.7627118644067796,0.6553398058252428,1,235,225
MRS_28,MRi-Share,enh270_mono,Voxel,0.879746835443038,0.1765079365079365,0.2940243257535695,11.808876172193036,316,1798
MRS_30,MRi-Share,enh270_mono,Voxel,0.2446808510638297,0.8846153846153846,0.3833333333333333,1.7320508075688772,94,41
MRS_35,MRi-Share,enh270_mono,Voxel,0.5583333333333333,0.3872832369942196,0.4573378839590443,1.4142135623730951,120,240
MRS_39,MRi-Share,enh270_mono,Voxel,0.4907407407407407,0.488479262672811,0.4896073903002309,1.3106601717798214,216,245
MRS_41,MRi-Share,enh270_mono,Voxel,0.7954545454545454,0.4347826086956521,0.5622489959839357,1.4142135623730951,88,216
MRS_43,MRi-Share,enh270_mono,Voxel,0.7424511545293073,0.474460839954597,0.5789473684210527,3.741657386773941,563,1083
MRS_1,MRi-Share,enh270_mono,Cluster,0.3333333333333333,0.2142857142857142,0.2608695652173913,NA,NA,NA
MRS_7,MRi-Share,enh270_mono,Cluster,1,0.5,0.6666666666666666,NA,NA,NA
MRS_24,MRi-Share,enh270_mono,Cluster,1,0.5,0.6666666666666666,NA,NA,NA
MRS_25,MRi-Share,enh270_mono,Cluster,1,0.3636363636363636,0.5333333333333333,NA,NA,NA
MRS_28,MRi-Share,enh270_mono,Cluster,1,0.4615384615384615,0.631578947368421,NA,NA,NA
MRS_30,MRi-Share,enh270_mono,Cluster,1,0.6666666666666666,0.8,NA,NA,NA
MRS_35,MRi-Share,enh270_mono,Cluster,0.8461538461538461,0.44,0.5789473684210527,NA,NA,NA
MRS_39,MRi-Share,enh270_mono,Cluster,0.75,0.631578947368421,0.6857142857142857,NA,NA,NA
MRS_41,MRi-Share,enh270_mono,Cluster,0.9090909090909092,0.4347826086956521,0.5882352941176471,NA,NA,NA
MRS_43,MRi-Share,enh270_mono,Cluster,0.9230769230769232,0.5,0.6486486486486487,NA,NA,NA
UKB_1,UKB,enh270_mono,Voxel,0.6320754716981132,0.4589041095890411,0.5317460317460317,2.657905302862828,106,146
UKB_2,UKB,enh270_mono,Voxel,0.9007314524555904,0.4152215799614643,0.5684141114408177,1.4142135623730951,957,2080
UKB_3,UKB,enh270_mono,Voxel,0.965103448275862,0.4843555309428215,0.6450036873156342,2.449489742783178,7250,14446
UKB_4,UKB,enh270_mono,Voxel,0.4878048780487805,0.6,0.5381165919282511,1,123,100.00100135803224
UKB_5,UKB,enh270_mono,Voxel,0.9191011235955056,0.1903506050263729,0.3153836267831898,7.874007874011811,1335,6462
UKB_6,UKB,enh270_mono,Voxel,0.9846394677624498,0.4479060038274957,0.6157234628326705,3.1622776601683795,10221,22469
UKB_7,UKB,enh270_mono,Voxel,0.9323116219667944,0.2532084634061741,0.3982542280414621,14.815503627041185,783,2889.028929233551
UKB_8,UKB,enh270_mono,Voxel,0.9775037493751042,0.4035220471899291,0.5712338104976141,3.1622776601683795,6001,14588.14607810974
UKB_9,UKB,enh270_mono,Voxel,0.9095744680851064,0.3653846153846153,0.5213414634146342,2.8284271247461903,188,468
UKB_10,UKB,enh270_mono,Voxel,0.8720193178388168,0.4430302100904769,0.5875533862111043,2.23606797749979,3313,6532
UKB_11,UKB,enh270_mono,Voxel,0.9101941747572816,0.539568345323741,0.6775067750677507,3,412,695
UKB_1,UKB,enh270_mono,Cluster,0.6666666666666666,0.2857142857142857,0.4,NA,NA,NA
UKB_2,UKB,enh270_mono,Cluster,0.8524590163934426,0.6842105263157895,0.7591240875912408,NA,NA,NA
UKB_3,UKB,enh270_mono,Cluster,0.9523809523809524,0.5769230769230769,0.718562874251497,NA,NA,NA
UKB_4,UKB,enh270_mono,Cluster,0.75,0.5,0.6,NA,NA,NA
UKB_5,UKB,enh270_mono,Cluster,0.9473684210526316,0.6428571428571429,0.7659574468085106,NA,NA,NA
UKB_6,UKB,enh270_mono,Cluster,0.9278350515463918,0.569620253164557,0.7058823529411765,NA,NA,NA
UKB_7,UKB,enh270_mono,Cluster,0.9230769230769232,0.631578947368421,0.75,NA,NA,NA
UKB_8,UKB,enh270_mono,Cluster,1,0.6280487804878049,0.7715355805243446,NA,NA,NA
UKB_9,UKB,enh270_mono,Cluster,1,0.8333333333333334,0.9090909090909092,NA,NA,NA
UKB_10,UKB,enh270_mono,Cluster,0.8823529411764706,0.7954545454545454,0.8366533864541833,NA,NA,NA
UKB_11,UKB,enh270_mono,Cluster,0.8571428571428571,0.6428571428571429,0.7346938775510204,NA,NA,NA
MWC_132,MWC,enh270_mono,Voxel,0.8727542595627571,0.677858635348368,0.7630582891748675,7,32339,43528.62387800217
MWC_31,MWC,enh270_mono,Voxel,0.8863238578067475,0.8832320923798641,0.8847752741294131,1,66276,67968.27358531952
MWC_100,MWC,enh270_mono,Voxel,0.6780031821797932,0.6628426988139219,0.6703372333103923,1.7320508075688772,5028,6272.115741729736
MWC_21,MWC,enh270_mono,Voxel,0.6301080461157723,0.8928708891074713,0.7388219473786648,2,33134,24854.748713493347
MWC_109,MWC,enh270_mono,Voxel,0.6650141643059491,0.6268357810413885,0.6453608247422681,2,1412,1926.6364498138428
MWC_33,MWC,enh270_mono,Voxel,0.5162314749470712,0.847870182555781,0.6417370325693607,2.449489742783178,5668,3945.460609436035
MWC_57,MWC,enh270_mono,Voxel,0.898021978021978,0.7874349585661977,0.8391005236677277,1.4142135623730951,13650,15567
MWC_51,MWC,enh270_mono,Voxel,0.8997807704353272,0.7561094819159335,0.8217123945330854,2,22351,26598
MWC_62,MWC,enh270_mono,Voxel,0.9699754400327466,0.7727287549729341,0.8601894874401046,2.23606797749979,48860,61332
MWC_54,MWC,enh270_mono,Voxel,0.8753180661577609,0.4376590330788804,0.5835453774385072,5.0990195135927845,393,786
MWC_132,MWC,enh270_mono,Cluster,0.8780487804878049,0.6923076923076923,0.7741935483870968,NA,NA,NA
MWC_31,MWC,enh270_mono,Cluster,0.8674698795180723,0.6545454545454545,0.7461139896373057,NA,NA,NA
MWC_100,MWC,enh270_mono,Cluster,0.8987341772151899,0.71,0.7932960893854749,NA,NA,NA
MWC_21,MWC,enh270_mono,Cluster,0.8235294117647058,0.8166666666666667,0.8200836820083682,NA,NA,NA
MWC_109,MWC,enh270_mono,Cluster,0.8125,0.7090909090909091,0.7572815533980582,NA,NA,NA
MWC_33,MWC,enh270_mono,Cluster,0.7868852459016393,0.7619047619047619,0.7741935483870968,NA,NA,NA
MWC_57,MWC,enh270_mono,Cluster,0.8,0.6,0.6857142857142857,NA,NA,NA
MWC_51,MWC,enh270_mono,Cluster,0.9298245614035088,0.6883116883116883,0.7910447761194029,NA,NA,NA
MWC_62,MWC,enh270_mono,Cluster,0.9787234042553192,0.5609756097560976,0.7131782945736435,NA,NA,NA
MWC_54,MWC,enh270_mono,Cluster,1,1,1,NA,NA,NA
MWC_21,MWC,LST-LPA,Voxel,0.5467158031649686,0.8387096774193549,0.6619422572178477,3.1622776601683795,38129.35119,24854.748713493347
MWC_31,MWC,LST-LPA,Voxel,0.922120388707226,0.8116259272771494,0.8633521624768229,1,59823.87473,67968.27358531952
MWC_33,MWC,LST-LPA,Voxel,0.4781529294935452,0.672486033519553,0.558908879860708,3.3166247903554,5548.99294,3945.460609436035
MWC_51,MWC,LST-LPA,Voxel,0.6842329303592712,0.9064967290773742,0.7798369881622356,1.4142135623730951,35238,26598
MWC_54,MWC,LST-LPA,Voxel,1,0.049618320610687,0.0945454545454545,6.576915171081847,39,786
MWC_57,MWC,LST-LPA,Voxel,0.3889142335766423,0.9857390634033532,0.5577667520854915,10.04987562112089,39456,15567
MWC_62,MWC,LST-LPA,Voxel,0.9814473870556578,0.6779495206417531,0.8019441069258809,2.23606797749979,42366,61332
MWC_100,MWC,LST-LPA,Voxel,0.9072978303747534,0.257847533632287,0.4015713662156264,3.3166247903554,1782.49032,6272.115741729736
MWC_109,MWC,LST-LPA,Voxel,0.4883720930232558,0.2682481751824817,0.3462897526501767,3.1622776601683795,1058.24376,1926.6364498138428
MWC_132,MWC,LST-LPA,Voxel,0.687367405978785,0.8635812939181003,0.7654639175257731,2,54687.6468,43528.62387800217
MWC_21,MWC,LST-LPA,Cluster,0.7948717948717948,0.5391304347826087,0.6424870466321243,NA,NA,NA
MWC_31,MWC,LST-LPA,Cluster,0.6774193548387096,0.2019230769230769,0.3111111111111111,NA,NA,NA
MWC_33,MWC,LST-LPA,Cluster,0.6666666666666666,0.3333333333333333,0.4444444444444444,NA,NA,NA
MWC_51,MWC,LST-LPA,Cluster,0.5569620253164557,0.5714285714285714,0.5641025641025641,NA,NA,NA
MWC_54,MWC,LST-LPA,Cluster,1,0.1111111111111111,0.2,NA,NA,NA
MWC_57,MWC,LST-LPA,Cluster,0.3763440860215054,0.875,0.5263157894736842,NA,NA,NA
MWC_62,MWC,LST-LPA,Cluster,0.4166666666666667,0.0609756097560975,0.1063829787234042,NA,NA,NA
MWC_100,MWC,LST-LPA,Cluster,0.8888888888888888,0.1616161616161616,0.2735042735042735,NA,NA,NA
MWC_109,MWC,LST-LPA,Cluster,0.8666666666666667,0.26,0.4,NA,NA,NA
MWC_132,MWC,LST-LPA,Cluster,0.3658536585365853,0.3061224489795918,0.3333333333333333,NA,NA,NA
MRS_1,MRi-Share,LST-LPA,Voxel,0,0,0,NA,143,128
MRS_7,MRi-Share,LST-LPA,Voxel,0,0,0,NA,115,198
MRS_24,MRi-Share,LST-LPA,Voxel,0.4805194805194805,0.1267123287671233,0.2005420054200542,1.4142135623730951,77,292
MRS_25,MRi-Share,LST-LPA,Voxel,0.2892857142857143,0.36,0.3207920792079208,3.247168581771238,280,225
MRS_28,MRi-Share,LST-LPA,Voxel,0.2777777777777778,0.0222469410456062,0.0411946446961895,20.46948949045872,144,1798
MRS_30,MRi-Share,LST-LPA,Voxel,0.0444444444444444,0.048780487804878,0.0465116279069767,5.677728378666437,45,41
MRS_35,MRi-Share,LST-LPA,Voxel,0,0,0,NA,185,240
MRS_39,MRi-Share,LST-LPA,Voxel,0,0,0,NA,110,245
MRS_41,MRi-Share,LST-LPA,Voxel,0,0,0,NA,18,216
MRS_43,MRi-Share,LST-LPA,Voxel,0.390625,0.0230840258541089,0.04359197907585,8.276417557076698,64,1083
MRS_1,MRi-Share,LST-LPA,Cluster,0,0,0,NA,NA,NA
MRS_7,MRi-Share,LST-LPA,Cluster,0,0,0,NA,NA,NA
MRS_24,MRi-Share,LST-LPA,Cluster,0.1111111111111111,0.0588235294117647,0.0769230769230769,NA,NA,NA
MRS_25,MRi-Share,LST-LPA,Cluster,0.1052631578947368,0.1818181818181818,0.1333333333333333,NA,NA,NA
MRS_28,MRi-Share,LST-LPA,Cluster,0.2666666666666666,0.3333333333333333,0.2962962962962963,NA,NA,NA
MRS_30,MRi-Share,LST-LPA,Cluster,0.0666666666666666,0.3333333333333333,0.1111111111111111,NA,NA,NA
MRS_35,MRi-Share,LST-LPA,Cluster,0,0,0,NA,NA,NA
MRS_39,MRi-Share,LST-LPA,Cluster,0,0,0,NA,NA,NA
MRS_41,MRi-Share,LST-LPA,Cluster,0,0,0,NA,NA,NA
MRS_43,MRi-Share,LST-LPA,Cluster,0.2941176470588235,0.1020408163265306,0.1515151515151515,NA,NA,NA
UKB_1,UKB,LST-LPA,Voxel,0.1363636363636363,0.0410958904109589,0.0631578947368421,4.135059131767823,44,146
UKB_2,UKB,LST-LPA,Voxel,0.1819464033850493,0.0620192307692307,0.0925062746504123,7.54983443527075,709,2080
UKB_3,UKB,LST-LPA,Voxel,0.8780179674340258,0.4329918316488994,0.5799721835883171,3.4641016151377544,7124,14446
UKB_4,UKB,LST-LPA,Voxel,0.0408719346049046,0.15,0.0642398286937901,4.176896403293392,367,100.00100135803224
UKB_5,UKB,LST-LPA,Voxel,0.7653645833333333,0.454812751470133,0.5705688215880411,1.7320508075688772,3840,6462
UKB_6,UKB,LST-LPA,Voxel,0.9242089771891095,0.4471939116115537,0.6027413694850184,3.741657386773941,10872,22469
UKB_7,UKB,LST-LPA,Voxel,0.8195121951219512,0.2326064382139148,0.362361822593691,3,820,2889.028929233551
UKB_8,UKB,LST-LPA,Voxel,0.9617417568587968,0.2619276117356731,0.4117235062766015,4.898979485566356,3973,14588.14607810974
UKB_9,UKB,LST-LPA,Voxel,0.6710526315789473,0.2179487179487179,0.3290322580645161,1.7320508075688772,152,468
UKB_10,UKB,LST-LPA,Voxel,0.7781087118391661,0.1599816289038579,0.2653968253968254,3.741657386773941,1343,6532
UKB_11,UKB,LST-LPA,Voxel,0.0629921259842519,0.0115107913669064,0.0194647201946472,4.919183588453084,127,695
UKB_1,UKB,LST-LPA,Cluster,0.1428571428571428,0.1428571428571428,0.1428571428571428,NA,NA,NA
UKB_2,UKB,LST-LPA,Cluster,0.1785714285714285,0.0657894736842105,0.0961538461538461,NA,NA,NA
UKB_3,UKB,LST-LPA,Cluster,0.5263157894736842,0.0961538461538461,0.1626016260162601,NA,NA,NA
UKB_4,UKB,LST-LPA,Cluster,0.1818181818181818,0.3333333333333333,0.2352941176470588,NA,NA,NA
UKB_5,UKB,LST-LPA,Cluster,0.4230769230769231,0.1309523809523809,0.2,NA,NA,NA
UKB_6,UKB,LST-LPA,Cluster,0.6764705882352942,0.1455696202531645,0.2395833333333333,NA,NA,NA
UKB_7,UKB,LST-LPA,Cluster,0.4117647058823529,0.1228070175438596,0.1891891891891892,NA,NA,NA
UKB_8,UKB,LST-LPA,Cluster,0.8387096774193549,0.1585365853658536,0.2666666666666666,NA,NA,NA
UKB_9,UKB,LST-LPA,Cluster,0.1111111111111111,0.3333333333333333,0.1666666666666666,NA,NA,NA
UKB_10,UKB,LST-LPA,Cluster,0.5,0.1212121212121212,0.1951219512195122,NA,NA,NA
UKB_11,UKB,LST-LPA,Cluster,0.1052631578947368,0.0714285714285714,0.0851063829787234,NA,NA,NA
MRS_1,MRi-Share,WMH_pgs,Voxel,0.0101010101010101,0.046875,0.0166204986149584,1.4142135623730951,594,128
MRS_7,MRi-Share,WMH_pgs,Voxel,0.2009803921568627,0.4141414141414141,0.2706270627062706,1.4142135623730951,408,198
MRS_24,MRi-Share,WMH_pgs,Voxel,0.2689486552567237,0.3767123287671233,0.3138373751783166,1.4142135623730951,409,292
MRS_25,MRi-Share,WMH_pgs,Voxel,0.2266435986159169,0.5822222222222222,0.3262764632627646,1.4142135623730951,578,225
MRS_28,MRi-Share,WMH_pgs,Voxel,0.3644578313253012,0.2018909899888765,0.2598425196850393,5.0990195135927845,996,1798
MRS_30,MRi-Share,WMH_pgs,Voxel,0.0427350427350427,0.4878048780487805,0.0785854616895874,3.23945122526189,468,41
MRS_35,MRi-Share,WMH_pgs,Voxel,0.0746268656716417,0.1458333333333333,0.0987306064880112,2.23606797749979,469,240
MRS_39,MRi-Share,WMH_pgs,Voxel,0.1358234295415959,0.3265306122448979,0.1918465227817745,1.4142135623730951,589,245
MRS_41,MRi-Share,WMH_pgs,Voxel,0.0985324947589098,0.2175925925925926,0.1356421356421356,1.4142135623730951,477,216
MRS_43,MRi-Share,WMH_pgs,Voxel,0.4376869391824526,0.4053554939981533,0.4209012464046021,2.23606797749979,1003,1083
MRS_1,MRi-Share,WMH_pgs,Cluster,0.0701754385964912,0.2352941176470588,0.1081081081081081,NA,NA,NA
MRS_7,MRi-Share,WMH_pgs,Cluster,0.0571428571428571,0.6666666666666666,0.1052631578947368,NA,NA,NA
MRS_24,MRi-Share,WMH_pgs,Cluster,0.1860465116279069,0.4705882352941176,0.2666666666666666,NA,NA,NA
MRS_25,MRi-Share,WMH_pgs,Cluster,0.0754716981132075,0.3636363636363636,0.125,NA,NA,NA
MRS_28,MRi-Share,WMH_pgs,Cluster,0.125,0.6666666666666666,0.2105263157894736,NA,NA,NA
MRS_30,MRi-Share,WMH_pgs,Cluster,0.0408163265306122,0.6666666666666666,0.0769230769230769,NA,NA,NA
MRS_35,MRi-Share,WMH_pgs,Cluster,0.2166666666666666,0.5,0.3023255813953488,NA,NA,NA
MRS_39,MRi-Share,WMH_pgs,Cluster,0.196078431372549,0.5263157894736842,0.2857142857142857,NA,NA,NA
MRS_41,MRi-Share,WMH_pgs,Cluster,0.1764705882352941,0.3333333333333333,0.2307692307692307,NA,NA,NA
MRS_43,MRi-Share,WMH_pgs,Cluster,0.4027777777777778,0.5918367346938775,0.4793388429752066,NA,NA,NA
UKB_1,UKB,WMH_pgs,Voxel,0.1281553398058252,0.4520547945205479,0.199697428139183,2.8284271247461903,515,146
UKB_2,UKB,WMH_pgs,Voxel,0.3707559981892259,0.39375,0.3819072044765679,1.4142135623730951,2209,2080
UKB_3,UKB,WMH_pgs,Voxel,0.8674435542607429,0.6595597397203378,0.7493511600471884,3,10984,14446
UKB_4,UKB,WMH_pgs,Voxel,0.0800711743772242,0.45,0.1359516616314199,40.58569762565248,562,100.00100135803224
UKB_5,UKB,WMH_pgs,Voxel,0.8262281770198945,0.6298359640978025,0.7147874956094135,1.4142135623730951,4926,6462
UKB_6,UKB,WMH_pgs,Voxel,0.9434375380124072,0.6903734033557346,0.7973066742052376,1.4142135623730951,16442,22469
UKB_7,UKB,WMH_pgs,Voxel,0.7102803738317757,0.5787469712703358,0.637802784665268,1.4142135623730951,2354,2889.028929233551
UKB_8,UKB,WMH_pgs,Voxel,0.9626964799645784,0.5961749383054565,0.7363474726949454,1.4142135623730951,9034,14588.14607810974
UKB_9,UKB,WMH_pgs,Voxel,0.5875,0.6025641025641025,0.5949367088607594,1,480,468
UKB_10,UKB,WMH_pgs,Voxel,0.7476603709375532,0.6726883037354562,0.7081956644371021,3.3166247903554,5877,6532
UKB_11,UKB,WMH_pgs,Voxel,0.4241486068111455,0.5913669064748202,0.4939903846153846,1.4142135623730951,969,695
UKB_1,UKB,WMH_pgs,Cluster,0.1785714285714285,0.7142857142857143,0.2857142857142857,NA,NA,NA
UKB_2,UKB,WMH_pgs,Cluster,0.6136363636363636,0.7105263157894737,0.6585365853658537,NA,NA,NA
UKB_3,UKB,WMH_pgs,Cluster,0.7448979591836735,0.7019230769230769,0.7227722772277227,NA,NA,NA
UKB_4,UKB,WMH_pgs,Cluster,0.0833333333333333,0.5,0.1428571428571428,NA,NA,NA
UKB_5,UKB,WMH_pgs,Cluster,0.5728155339805825,0.7023809523809523,0.6310160427807486,NA,NA,NA
UKB_6,UKB,WMH_pgs,Cluster,0.759493670886076,0.759493670886076,0.759493670886076,NA,NA,NA
UKB_7,UKB,WMH_pgs,Cluster,0.5897435897435898,0.8070175438596491,0.6814814814814815,NA,NA,NA
UKB_8,UKB,WMH_pgs,Cluster,0.8355263157894737,0.774390243902439,0.8037974683544303,NA,NA,NA
UKB_9,UKB,WMH_pgs,Cluster,0.1923076923076923,0.8333333333333334,0.3125,NA,NA,NA
UKB_10,UKB,WMH_pgs,Cluster,0.7658227848101266,0.9166666666666666,0.8344827586206897,NA,NA,NA
UKB_11,UKB,WMH_pgs,Cluster,0.3617021276595745,0.6071428571428571,0.4533333333333333,NA,NA,NA
MRS_1,MRi-Share,HPM,Voxel,0,0,0,NA,195,128
MRS_41,MRi-Share,HPM,Voxel,0.027027027027027,0.0046296296296296,0.0079051383399209,2.428147566254838,37,216
MRS_39,MRi-Share,HPM,Voxel,0.0510948905109489,0.0285714285714285,0.0366492146596858,3.856091858427056,137,245
MRS_25,MRi-Share,HPM,Voxel,0.5882352941176471,0.4,0.4761904761904761,3,153,225
MRS_43,MRi-Share,HPM,Voxel,0.7857142857142857,0.0710987996306555,0.130397967823878,7.071067811865476,98,1083
MRS_35,MRi-Share,HPM,Voxel,0,0,0,NA,47,240
MRS_30,MRi-Share,HPM,Voxel,0.075,0.1463414634146341,0.0991735537190082,3.965831239517767,80,41
MRS_28,MRi-Share,HPM,Voxel,0.4887218045112781,0.0723025583982202,0.125968992248062,18.81488772222678,266,1798
MRS_24,MRi-Share,HPM,Voxel,1,0.1301369863013698,0.2303030303030303,1.4142135623730951,38,292
MRS_7,MRi-Share,HPM,Voxel,0.2156862745098039,0.1111111111111111,0.1466666666666666,5.385164807134504,102,198
MRS_1,MRi-Share,HPM,Cluster,0,0,0,NA,NA,NA
MRS_41,MRi-Share,HPM,Cluster,0.125,0.037037037037037,0.0571428571428571,NA,NA,NA
MRS_39,MRi-Share,HPM,Cluster,0.0769230769230769,0.0526315789473684,0.0625,NA,NA,NA
MRS_25,MRi-Share,HPM,Cluster,0.2857142857142857,0.1818181818181818,0.2222222222222222,NA,NA,NA
MRS_43,MRi-Share,HPM,Cluster,0.7272727272727273,0.1632653061224489,0.2666666666666666,NA,NA,NA
MRS_35,MRi-Share,HPM,Cluster,0,0,0,NA,NA,NA
MRS_30,MRi-Share,HPM,Cluster,0.1538461538461538,0.6666666666666666,0.25,NA,NA,NA
MRS_28,MRi-Share,HPM,Cluster,0.3333333333333333,0.3333333333333333,0.3333333333333333,NA,NA,NA
MRS_24,MRi-Share,HPM,Cluster,1,0.0588235294117647,0.1111111111111111,NA,NA,NA
MRS_7,MRi-Share,HPM,Cluster,0.2,0.6666666666666666,0.3076923076923077,NA,NA,NA
MWC_57,MWC,HPM,Voxel,0.9834890965732088,0.6084023896704568,0.7517561614477914,2,9630,15567
MWC_54,MWC,HPM,Voxel,0.8656716417910447,0.4427480916030534,0.5858585858585859,2,402,786
MWC_51,MWC,HPM,Voxel,0.991553261379634,0.4766523798781863,0.6438147471054235,3.605551275463989,12786,26598
MWC_33,MWC,HPM,Voxel,0.8045045045045045,0.6236033519553073,0.7025963808025177,1.4142135623730951,3058.2831,3945.460609436035
MWC_31,MWC,HPM,Voxel,0.971240437687615,0.8131663221046658,0.8852017739337643,1,56906.10734,67968.27358531952
MWC_21,MWC,HPM,Voxel,0.8760485970494648,0.6714333222480878,0.7602133668026357,2,19049.52194,24854.748713493347
MWC_132,MWC,HPM,Voxel,0.912869937694704,0.7573701639609078,0.8278815167968923,1.7320508075688772,36113.88672,43528.62387800217
MWC_109,MWC,HPM,Voxel,0.9380530973451328,0.1934306569343065,0.3207261724659607,4.242640687119285,397.28088,1926.6364498138428
MWC_100,MWC,HPM,Voxel,0.9265536723163842,0.3677130044843049,0.5264847512038523,2.449489742783178,2489.15808,6272.115741729736
MWC_62,MWC,HPM,Voxel,0.9921875,0.726814713363334,0.8390175042348955,1.4142135623730951,44928,61332
MWC_57,MWC,HPM,Cluster,0.5,0.15,0.2307692307692307,NA,NA,NA
MWC_54,MWC,HPM,Cluster,0.6666666666666666,0.3333333333333333,0.4444444444444444,NA,NA,NA
MWC_51,MWC,HPM,Cluster,0.8461538461538461,0.1428571428571428,0.2444444444444444,NA,NA,NA
MWC_33,MWC,HPM,Cluster,0.875,0.35,0.5,NA,NA,NA
MWC_31,MWC,HPM,Cluster,1,0.2307692307692307,0.375,NA,NA,NA
MWC_21,MWC,HPM,Cluster,0.8392857142857143,0.408695652173913,0.5497076023391813,NA,NA,NA
MWC_132,MWC,HPM,Cluster,0.7368421052631579,0.2857142857142857,0.4117647058823529,NA,NA,NA
MWC_109,MWC,HPM,Cluster,0.7857142857142857,0.22,0.34375,NA,NA,NA
MWC_100,MWC,HPM,Cluster,1,0.2525252525252525,0.4032258064516129,NA,NA,NA
MWC_62,MWC,HPM,Cluster,0.7647058823529411,0.1585365853658536,0.2626262626262626,NA,NA,NA
UKB_3,UKB,HPM,Voxel,0.9362689750345,0.5166135954589506,0.6658339652941964,2.449489742783178,7971,14446
UKB_4,UKB,HPM,Voxel,0.1542056074766355,0.33,0.2101910828025477,3.278038007808645,214,100.00100135803224
UKB_5,UKB,HPM,Voxel,0.8942917547568711,0.5236768802228412,0.6605504587155964,2.23606797749979,3784,6462
UKB_6,UKB,HPM,Voxel,0.9816249503377036,0.4398504606346521,0.6074930079601685,3.3166247903554,10068,22469
UKB_7,UKB,HPM,Voxel,0.8367346938775511,0.3973693319487712,0.5388406477352734,2.23606797749979,1372,2889.028929233551
UKB_8,UKB,HPM,Voxel,0.9904397705544932,0.390595009596929,0.5602477754289367,3,5753,14588.14607810974
UKB_9,UKB,HPM,Voxel,0.9049773755656108,0.4273504273504273,0.5805515239477503,2,221,468
UKB_10,UKB,HPM,Voxel,0.8302261007536692,0.3204225352112676,0.4623881586214514,3,2521,6532
UKB_11,UKB,HPM,Voxel,0.4765100671140939,0.2043165467625899,0.2860020140986908,2.23606797749979,298,695
UKB_1,UKB,HPM,Voxel,0.0939226519337016,0.1164383561643835,0.1039755351681957,3.605551275463989,181,146
UKB_2,UKB,HPM,Voxel,0.2109227871939736,0.1076923076923077,0.1425843411839592,5,1062,2080
UKB_3,UKB,HPM,Cluster,0.8,0.1153846153846153,0.2016806722689075,NA,NA,NA
UKB_4,UKB,HPM,Cluster,0.25,0.3333333333333333,0.2857142857142857,NA,NA,NA
UKB_5,UKB,HPM,Cluster,0.8571428571428571,0.1428571428571428,0.2448979591836734,NA,NA,NA
UKB_6,UKB,HPM,Cluster,0.8780487804878049,0.2278481012658227,0.3618090452261306,NA,NA,NA
UKB_7,UKB,HPM,Cluster,0.782608695652174,0.3157894736842105,0.45,NA,NA,NA
UKB_8,UKB,HPM,Cluster,0.975,0.2378048780487804,0.3823529411764705,NA,NA,NA
UKB_9,UKB,HPM,Cluster,0.7142857142857143,0.8333333333333334,0.7692307692307693,NA,NA,NA
UKB_10,UKB,HPM,Cluster,0.8095238095238095,0.3863636363636363,0.5230769230769231,NA,NA,NA
UKB_11,UKB,HPM,Cluster,0.3571428571428571,0.1785714285714285,0.238095238095238,NA,NA,NA
UKB_1,UKB,HPM,Cluster,0.1666666666666666,0.1428571428571428,0.1538461538461538,NA,NA,NA
UKB_2,UKB,HPM,Cluster,0.4545454545454545,0.1973684210526315,0.2752293577981651,NA,NA,NA
